100,明奇
104,CALBEE卡乐B
105,AH HUNG老孔
106,王守义
107,老杨
108,万香源
115,嘉嘉
116,ROXY力成马标
126,马来西亚
134,宏源
138,翁财记
139,飞机牌
141,味香园
143,黄飞红
144,靓面坊
146,S&B
148,大白兔
151,金梅
154,中国特产
162,我的美丽日记
172,牛头牌
175,SHISEIDO资生堂
177,B&C Laboratories 乐玩美研
178,SANA莎娜
179,KOJI蔻吉
182,太太乐
187,今麦郎
188,白象
195,KISS ME奇士美
196,BIODERMA贝德玛
197,MANDOM曼丹
200,EARTH艾斯
201,KOSE高丝
202,ROHTO曼秀雷敦
203,ELIS怡丽
204,KAO花王
205,UNICHARM尤妮佳
206,KASUGAI春日井
208,HAPI
209,PALDO八道
210,财神牌
215,莲峰牌
216,LUX力士
224,百胜厨
228,京都念慈庵
229,嘉顿
230,ROYAL TASTE御珍尝
234,LEADERS INSOLUTION
235,MEDIHEAL
236,IT'S SKIN
238,WALKERS皇家
242,长生果
245,云南白药
247,KOPIKO可比可
250,六福
255,BATH ROMAN巴斯洛漫
258,HAITAI海太
260,MAYU ANGEL马油天使
261,MEDIENTAL
263,KHONG GUAN康元
281,a.c.care
286,SKIN79
287,Dr.Miz
292,DR.JART
293,PETITFEE璞帝妃
294,CLAIRE'S
295,HOPE GIRL
299,芝麻官
301,EMMA1997
302,SPA TREATMENT
303,DR.SCHOLL
304,船井生医
305,安堡
306,E-HEART
310,HOLIKA HOLIKA
311,LG BEYOND
312,IPKN
44,LOTTE乐天
46,NOBEL诺贝尔
48,KANRO甘乐
49,RIBON理本
50,NISSIN日清
52,FUJIYA不二家
56,SANRITSU三立
59,NESTLE雀巢
65,统一
69,UHA悠哈
75,张君雅小妹妹
76,NONGSHIM农心
77,海底捞
78,湖池屋
80,韩国WANG食品
86,洽洽
87,王家渡
88,李锦记
89,GLICO格力高
90,盛香珍
93,MEIJI明治
94,小磨坊
95,新东阳
96,皇族
